# ----------------------------------------,
# Todos os dados do website,
# Audience Overview,
# 20160101-20200503,
# ----------------------------------------,
,
Day,Sessions
1/1/16,"1,757"
1/2/16,"2,371"
1/3/16,"2,654"
1/4/16,"5,462"
1/5/16,"5,846"
1/6/16,"5,721"
1/7/16,"5,524"
1/8/16,"5,079"
1/9/16,"3,098"
1/10/16,"3,149"
1/11/16,"6,321"
1/12/16,"6,664"
1/13/16,"6,521"
1/14/16,"6,222"
1/15/16,"5,441"
1/16/16,"3,023"
1/17/16,"2,938"
1/18/16,"6,708"
1/19/16,"6,915"
1/20/16,"6,624"
1/21/16,"7,003"
1/22/16,"6,129"
1/23/16,"2,992"
1/24/16,"3,064"
1/25/16,"6,627"
1/26/16,"7,313"
1/27/16,"7,089"
1/28/16,"6,846"
1/29/16,"6,064"
1/30/16,"3,151"
1/31/16,"3,202"
2/1/16,"6,885"
2/2/16,"7,438"
2/3/16,"7,485"
2/4/16,"6,517"
2/5/16,"4,903"
2/6/16,"2,580"
2/7/16,"2,404"
2/8/16,"3,394"
2/9/16,"3,372"
2/10/16,"5,364"
2/11/16,"6,969"
2/12/16,"6,576"
2/13/16,"3,668"
2/14/16,"3,634"
2/15/16,"7,464"
2/16/16,"8,335"
2/17/16,"8,074"
2/18/16,"9,629"
2/19/16,"7,856"
2/20/16,"4,118"
2/21/16,"4,420"
2/22/16,"8,652"
2/23/16,"9,077"
2/24/16,"9,096"
2/25/16,"8,527"
2/26/16,"7,137"
2/27/16,"4,137"
2/28/16,"4,416"
2/29/16,"8,971"
3/1/16,"10,062"
3/2/16,"9,678"
3/3/16,"9,340"
3/4/16,"7,466"
3/5/16,"3,844"
3/6/16,"4,648"
3/7/16,"9,457"
3/8/16,"9,255"
3/9/16,"8,763"
3/10/16,"8,643"
3/11/16,"7,370"
3/12/16,"4,207"
3/13/16,"4,547"
3/14/16,"8,942"
3/15/16,"9,264"
3/16/16,"9,343"
3/17/16,"8,441"
3/18/16,"7,807"
3/19/16,"4,279"
3/20/16,"4,940"
3/21/16,"9,743"
3/22/16,"9,484"
3/23/16,"8,943"
3/24/16,"7,298"
3/25/16,"4,618"
3/26/16,"4,255"
3/27/16,"4,678"
3/28/16,"10,764"
3/29/16,"10,611"
3/30/16,"10,283"
3/31/16,"9,848"
4/1/16,"8,355"
4/2/16,"4,914"
4/3/16,"5,624"
4/4/16,"11,167"
4/5/16,"11,211"
4/6/16,"11,138"
4/7/16,"12,139"
4/8/16,"17,728"
4/9/16,"9,218"
4/10/16,"8,530"
4/11/16,"12,877"
4/12/16,"11,940"
4/13/16,"11,325"
4/14/16,"11,307"
4/15/16,"9,382"
4/16/16,"5,151"
4/17/16,"5,264"
4/18/16,"10,735"
4/19/16,"10,546"
4/20/16,"9,202"
4/21/16,"6,078"
4/22/16,"7,422"
4/23/16,"4,877"
4/24/16,"5,628"
4/25/16,"11,393"
4/26/16,"12,335"
4/27/16,"11,185"
4/28/16,"10,019"
4/29/16,"8,452"
4/30/16,"5,004"
5/1/16,"5,588"
5/2/16,"10,747"
5/3/16,"10,959"
5/4/16,"11,394"
5/5/16,"10,657"
5/6/16,"9,945"
5/7/16,"5,402"
5/8/16,"5,206"
5/9/16,"11,570"
5/10/16,"11,684"
5/11/16,"11,626"
5/12/16,"11,079"
5/13/16,"9,579"
5/14/16,"5,630"
5/15/16,"5,980"
5/16/16,"11,982"
5/17/16,"11,806"
5/18/16,"12,184"
5/19/16,"11,516"
5/20/16,"9,472"
5/21/16,"5,384"
5/22/16,"6,297"
5/23/16,"11,404"
5/24/16,"11,204"
5/25/16,"9,843"
5/26/16,"6,101"
5/27/16,"7,649"
5/28/16,"5,154"
5/29/16,"6,329"
5/30/16,"12,059"
5/31/16,"12,290"
6/1/16,"11,781"
6/2/16,"11,322"
6/3/16,"9,806"
6/4/16,"5,472"
6/5/16,"6,768"
6/6/16,"12,077"
6/7/16,"12,208"
6/8/16,"12,255"
6/9/16,"11,662"
6/10/16,"9,253"
6/11/16,"4,753"
6/12/16,"4,979"
6/13/16,"11,275"
6/14/16,"11,789"
6/15/16,"11,284"
6/16/16,"11,455"
6/17/16,"9,457"
6/18/16,"5,105"
6/19/16,"5,684"
6/20/16,"11,953"
6/21/16,"12,585"
6/22/16,"11,290"
6/23/16,"10,076"
6/24/16,"8,255"
6/25/16,"4,418"
6/26/16,"4,915"
6/27/16,"11,134"
6/28/16,"12,472"
6/29/16,"11,412"
6/30/16,"10,674"
7/1/16,"8,526"
7/2/16,"4,440"
7/3/16,"4,767"
7/4/16,"10,595"
7/5/16,"10,972"
7/6/16,"10,252"
7/7/16,"9,718"
7/8/16,"8,513"
7/9/16,"4,362"
7/10/16,"4,406"
7/11/16,"10,319"
7/12/16,"10,314"
7/13/16,"10,418"
7/14/16,"12,551"
7/15/16,"8,950"
7/16/16,"4,661"
7/17/16,"4,610"
7/18/16,"11,324"
7/19/16,"10,867"
7/20/16,"10,849"
7/21/16,"10,800"
7/22/16,"9,353"
7/23/16,"5,085"
7/24/16,"4,893"
7/25/16,"11,391"
7/26/16,"11,719"
7/27/16,"11,247"
7/28/16,"10,589"
7/29/16,"9,245"
7/30/16,"5,780"
7/31/16,"6,025"
8/1/16,"12,118"
8/2/16,"12,306"
8/3/16,"12,577"
8/4/16,"17,675"
8/5/16,"14,188"
8/6/16,"6,345"
8/7/16,"6,088"
8/8/16,"12,131"
8/9/16,"12,108"
8/10/16,"11,842"
8/11/16,"11,246"
8/12/16,"9,463"
8/13/16,"5,074"
8/14/16,"4,836"
8/15/16,"11,323"
8/16/16,"12,471"
8/17/16,"12,422"
8/18/16,"12,159"
8/19/16,"10,556"
8/20/16,"5,896"
8/21/16,"6,297"
8/22/16,"12,781"
8/23/16,"13,638"
8/24/16,"13,024"
8/25/16,"12,185"
8/26/16,"10,708"
8/27/16,"5,865"
8/28/16,"6,491"
8/29/16,"13,690"
8/30/16,"14,081"
8/31/16,"12,599"
9/1/16,"12,624"
9/2/16,"16,492"
9/3/16,"9,348"
9/4/16,"10,506"
9/5/16,"16,139"
9/6/16,"12,920"
9/7/16,"8,270"
9/8/16,"13,521"
9/9/16,"12,040"
9/10/16,"6,563"
9/11/16,"7,338"
9/12/16,"14,624"
9/13/16,"14,045"
9/14/16,"14,121"
9/15/16,"14,206"
9/16/16,"11,771"
9/17/16,"6,318"
9/18/16,"7,442"
9/19/16,"14,945"
9/20/16,"14,956"
9/21/16,"14,660"
9/22/16,"14,154"
9/23/16,"12,696"
9/24/16,"7,531"
9/25/16,"8,403"
9/26/16,"16,441"
9/27/16,"16,266"
9/28/16,"15,435"
9/29/16,"17,151"
9/30/16,"14,730"
10/1/16,"7,894"
10/2/16,"7,038"
10/3/16,"15,292"
10/4/16,"16,181"
10/5/16,"15,615"
10/6/16,"15,054"
10/7/16,"12,393"
10/8/16,"6,684"
10/9/16,"7,433"
10/10/16,"15,722"
10/11/16,"13,888"
10/12/16,"9,226"
10/13/16,"14,904"
10/14/16,"12,897"
10/15/16,"7,230"
10/16/16,"7,660"
10/17/16,"15,729"
10/18/16,"15,937"
10/19/16,"16,088"
10/20/16,"14,828"
10/21/16,"12,545"
10/22/16,"7,286"
10/23/16,"8,155"
10/24/16,"15,864"
10/25/16,"17,196"
10/26/16,"17,245"
10/27/16,"16,059"
10/28/16,"12,625"
10/29/16,"7,406"
10/30/16,"8,112"
10/31/16,"15,620"
11/1/16,"14,966"
11/2/16,"11,007"
11/3/16,"15,430"
11/4/16,"13,184"
11/5/16,"7,608"
11/6/16,"8,471"
11/7/16,"15,680"
11/8/16,"16,836"
11/9/16,"16,236"
11/10/16,"15,516"
11/11/16,"13,029"
11/12/16,"7,293"
11/13/16,"7,642"
11/14/16,"12,367"
11/15/16,"10,554"
11/16/16,"15,993"
11/17/16,"15,791"
11/18/16,"14,209"
11/19/16,"8,479"
11/20/16,"9,486"
11/21/16,"16,850"
11/22/16,"17,412"
11/23/16,"16,970"
11/24/16,"16,802"
11/25/16,"12,590"
11/26/16,"7,604"
11/27/16,"8,745"
11/28/16,"16,623"
11/29/16,"16,024"
11/30/16,"15,618"
12/1/16,"15,092"
12/2/16,"13,114"
12/3/16,"6,839"
12/4/16,"7,937"
12/5/16,"15,250"
12/6/16,"15,434"
12/7/16,"13,476"
12/8/16,"11,628"
12/9/16,"10,890"
12/10/16,"6,148"
12/11/16,"6,535"
12/12/16,"13,739"
12/13/16,"13,257"
12/14/16,"13,080"
12/15/16,"11,954"
12/16/16,"9,831"
12/17/16,"5,175"
12/18/16,"5,641"
12/19/16,"11,400"
12/20/16,"10,353"
12/21/16,"9,915"
12/22/16,"8,753"
12/23/16,"6,980"
12/24/16,"3,555"
12/25/16,"3,407"
12/26/16,"8,369"
12/27/16,"8,501"
12/28/16,"8,363"
12/29/16,"7,474"
12/30/16,"6,657"
12/31/16,"3,305"
1/1/17,"3,501"
1/2/17,"10,101"
1/3/17,"11,124"
1/4/17,"10,802"
1/5/17,"9,974"
1/6/17,"9,298"
1/7/17,"5,880"
1/8/17,"5,937"
1/9/17,"13,281"
1/10/17,"13,795"
1/11/17,"14,182"
1/12/17,"13,718"
1/13/17,"12,158"
1/14/17,"6,302"
1/15/17,"6,793"
1/16/17,"14,732"
1/17/17,"15,344"
1/18/17,"15,486"
1/19/17,"14,404"
1/20/17,"12,994"
1/21/17,"7,373"
1/22/17,"7,457"
1/23/17,"16,216"
1/24/17,"16,959"
1/25/17,"16,603"
1/26/17,"16,651"
1/27/17,"14,015"
1/28/17,"7,544"
1/29/17,"7,476"
1/30/17,"16,566"
1/31/17,"16,120"
2/1/17,"24,595"
2/2/17,"19,314"
2/3/17,"15,063"
2/4/17,"8,676"
2/5/17,"7,873"
2/6/17,"16,794"
2/7/17,"17,540"
2/8/17,"18,680"
2/9/17,"25,472"
2/10/17,"21,097"
2/11/17,"12,661"
2/12/17,"12,106"
2/13/17,"19,791"
2/14/17,"19,315"
2/15/17,"25,089"
2/16/17,"21,340"
2/17/17,"16,898"
2/18/17,"9,620"
2/19/17,"10,150"
2/20/17,"18,168"
2/21/17,"19,080"
2/22/17,"17,885"
2/23/17,"16,844"
2/24/17,"13,237"
2/25/17,"6,751"
2/26/17,"6,800"
2/27/17,"9,322"
2/28/17,"9,999"
3/1/17,"14,571"
3/2/17,"18,465"
3/3/17,"16,780"
3/4/17,"10,585"
3/5/17,"10,796"
3/6/17,"19,311"
3/7/17,"20,581"
3/8/17,"19,139"
3/9/17,"19,067"
3/10/17,"16,812"
3/11/17,"9,842"
3/12/17,"11,577"
3/13/17,"21,431"
3/14/17,"21,593"
3/15/17,"20,781"
3/16/17,"21,866"
3/17/17,"19,121"
3/18/17,"10,916"
3/19/17,"12,110"
3/20/17,"22,403"
3/21/17,"22,367"
3/22/17,"20,750"
3/23/17,"19,152"
3/24/17,"16,523"
3/25/17,"8,184"
3/26/17,"9,313"
3/27/17,"19,327"
3/28/17,"19,334"
3/29/17,"19,333"
3/30/17,"18,324"
3/31/17,"15,368"
4/1/17,"8,224"
4/2/17,"9,627"
4/3/17,"19,561"
4/4/17,"19,481"
4/5/17,"18,767"
4/6/17,"18,196"
4/7/17,"15,394"
4/8/17,"7,976"
4/9/17,"9,262"
4/10/17,"19,057"
4/11/17,"18,140"
4/12/17,"17,081"
4/13/17,"13,907"
4/14/17,"8,234"
4/15/17,"7,215"
4/16/17,"7,977"
4/17/17,"19,175"
4/18/17,"19,179"
4/19/17,"18,956"
4/20/17,"15,852"
4/21/17,"9,763"
4/22/17,"8,637"
4/23/17,"10,032"
4/24/17,"19,971"
4/25/17,"20,908"
4/26/17,"19,596"
4/27/17,"17,618"
4/28/17,"14,774"
4/29/17,"7,831"
4/30/17,"7,454"
5/1/17,"11,594"
5/2/17,"19,183"
5/3/17,"19,501"
5/4/17,"19,181"
5/5/17,"16,165"
5/6/17,"8,813"
5/7/17,"10,308"
5/8/17,"20,753"
5/9/17,"20,535"
5/10/17,"19,835"
5/11/17,"18,876"
5/12/17,"16,012"
5/13/17,"8,384"
5/14/17,"8,751"
5/15/17,"21,514"
5/16/17,"21,623"
5/17/17,"20,148"
5/18/17,"19,253"
5/19/17,"17,429"
5/20/17,"9,607"
5/21/17,"11,348"
5/22/17,"22,204"
5/23/17,"21,542"
5/24/17,"20,926"
5/25/17,"20,728"
5/26/17,"19,131"
5/27/17,"12,339"
5/28/17,"15,279"
5/29/17,"27,697"
5/30/17,"26,704"
5/31/17,"23,302"
6/1/17,"21,164"
6/2/17,"17,346"
6/3/17,"8,701"
6/4/17,"10,643"
6/5/17,"21,973"
6/6/17,"21,711"
6/7/17,"20,765"
6/8/17,"19,903"
6/9/17,"16,588"
6/10/17,"8,213"
6/11/17,"9,130"
6/12/17,"18,045"
6/13/17,"19,295"
6/14/17,"16,656"
6/15/17,"10,362"
6/16/17,"13,554"
6/17/17,"8,264"
6/18/17,"9,620"
6/19/17,"20,436"
6/20/17,"20,379"
6/21/17,"19,539"
6/22/17,"18,406"
6/23/17,"15,207"
6/24/17,"7,750"
6/25/17,"9,059"
6/26/17,"19,849"
6/27/17,"19,934"
6/28/17,"18,736"
6/29/17,"17,552"
6/30/17,"15,410"
7/1/17,"7,952"
7/2/17,"8,419"
7/3/17,"18,984"
7/4/17,"19,193"
7/5/17,"17,626"
7/6/17,"16,723"
7/7/17,"14,659"
7/8/17,"6,803"
7/9/17,"7,422"
7/10/17,"17,602"
7/11/17,"17,275"
7/12/17,"17,012"
7/13/17,"16,180"
7/14/17,"13,805"
7/15/17,"6,519"
7/16/17,"7,183"
7/17/17,"17,948"
7/18/17,"17,636"
7/19/17,"17,311"
7/20/17,"16,674"
7/21/17,"15,343"
7/22/17,"7,667"
7/23/17,"7,730"
7/24/17,"18,267"
7/25/17,"18,249"
7/26/17,"18,021"
7/27/17,"17,491"
7/28/17,"15,479"
7/29/17,"7,521"
7/30/17,"7,680"
7/31/17,"18,963"
8/1/17,"19,303"
8/2/17,"19,180"
8/3/17,"19,335"
8/4/17,"17,402"
8/5/17,"8,814"
8/6/17,"8,880"
8/7/17,"20,939"
8/8/17,"21,279"
8/9/17,"21,770"
8/10/17,"21,494"
8/11/17,"18,344"
8/12/17,"9,126"
8/13/17,"8,969"
8/14/17,"21,606"
8/15/17,"24,581"
8/16/17,"25,672"
8/17/17,"24,130"
8/18/17,"21,414"
8/19/17,"11,411"
8/20/17,"12,492"
8/21/17,"25,929"
8/22/17,"26,464"
8/23/17,"26,017"
8/24/17,"27,351"
8/25/17,"23,992"
8/26/17,"13,841"
8/27/17,"14,271"
8/28/17,"30,093"
8/29/17,"30,000"
8/30/17,"28,107"
8/31/17,"25,290"
9/1/17,"21,227"
9/2/17,"10,586"
9/3/17,"11,452"
9/4/17,"24,713"
9/5/17,"23,632"
9/6/17,"20,469"
9/7/17,"12,517"
9/8/17,"16,168"
9/9/17,"9,766"
9/10/17,"11,713"
9/11/17,"24,773"
9/12/17,"25,898"
9/13/17,"25,818"
9/14/17,"24,747"
9/15/17,"21,349"
9/16/17,"11,573"
9/17/17,"14,134"
9/18/17,"27,958"
9/19/17,"27,615"
9/20/17,"26,412"
9/21/17,"26,521"
9/22/17,"23,040"
9/23/17,"11,768"
9/24/17,"13,678"
9/25/17,"28,557"
9/26/17,"29,094"
9/27/17,"28,658"
9/28/17,"27,832"
9/29/17,"29,665"
9/30/17,"18,519"
10/1/17,"16,290"
10/2/17,"29,449"
10/3/17,"29,546"
10/4/17,"28,692"
10/5/17,"27,054"
10/6/17,"23,717"
10/7/17,"13,534"
10/8/17,"14,506"
10/9/17,"27,827"
10/10/17,"26,108"
10/11/17,"21,894"
10/12/17,"12,368"
10/13/17,"17,833"
10/14/17,"11,368"
10/15/17,"12,951"
10/16/17,"28,617"
10/17/17,"27,936"
10/18/17,"27,153"
10/19/17,"26,128"
10/20/17,"22,855"
10/21/17,"12,723"
10/22/17,"14,872"
10/23/17,"29,458"
10/24/17,"29,270"
10/25/17,"27,855"
10/26/17,"26,724"
10/27/17,"23,706"
10/28/17,"12,512"
10/29/17,"14,224"
10/30/17,"30,315"
10/31/17,"29,156"
11/1/17,"24,059"
11/2/17,"15,328"
11/3/17,"19,633"
11/4/17,"12,747"
11/5/17,"14,468"
11/6/17,"28,747"
11/7/17,"30,008"
11/8/17,"30,434"
11/9/17,"29,329"
11/10/17,"24,316"
11/11/17,"13,645"
11/12/17,"14,622"
11/13/17,"29,276"
11/14/17,"26,365"
11/15/17,"18,507"
11/16/17,"28,095"
11/17/17,"24,949"
11/18/17,"13,529"
11/19/17,"15,033"
11/20/17,"26,975"
11/21/17,"30,410"
11/22/17,"30,659"
11/23/17,"29,073"
11/24/17,"22,518"
11/25/17,"13,221"
11/26/17,"16,541"
11/27/17,"29,760"
11/28/17,"30,602"
11/29/17,"28,514"
11/30/17,"27,073"
12/1/17,"22,291"
12/2/17,"11,815"
12/3/17,"13,227"
12/4/17,"27,072"
12/5/17,"27,710"
12/6/17,"24,956"
12/7/17,"22,606"
12/8/17,"17,829"
12/9/17,"9,968"
12/10/17,"10,800"
12/11/17,"23,780"
12/12/17,"24,312"
12/13/17,"23,439"
12/14/17,"21,647"
12/15/17,"17,913"
12/16/17,"8,400"
12/17/17,"8,415"
12/18/17,"20,184"
12/19/17,"19,752"
12/20/17,"18,359"
12/21/17,"16,385"
12/22/17,"13,244"
12/23/17,"6,465"
12/24/17,"4,918"
12/25/17,"5,429"
12/26/17,"14,996"
12/27/17,"15,092"
12/28/17,"14,183"
12/29/17,"11,731"
12/30/17,"6,745"
12/31/17,"4,934"
1/1/18,"5,953"
1/2/18,"18,152"
1/3/18,"20,678"
1/4/18,"22,094"
1/5/18,"20,988"
1/6/18,"11,851"
1/7/18,"13,006"
1/8/18,"28,332"
1/9/18,"28,681"
1/10/18,"27,006"
1/11/18,"25,453"
1/12/18,"21,215"
1/13/18,"10,582"
1/14/18,"10,652"
1/15/18,"27,189"
1/16/18,"28,317"
1/17/18,"26,398"
1/18/18,"26,350"
1/19/18,"25,316"
1/20/18,"11,962"
1/21/18,"11,576"
1/22/18,"28,698"
1/23/18,"30,127"
1/24/18,"28,412"
1/25/18,"26,045"
1/26/18,"24,931"
1/27/18,"12,386"
1/28/18,"12,775"
1/29/18,"30,831"
1/30/18,"31,140"
1/31/18,"31,563"
2/1/18,"28,899"
2/2/18,"25,049"
2/3/18,"12,242"
2/4/18,"12,264"
2/5/18,"29,591"
2/6/18,"28,599"
2/7/18,"28,226"
2/8/18,"27,602"
2/9/18,"22,258"
2/10/18,"10,001"
2/11/18,"9,234"
2/12/18,"13,747"
2/13/18,"13,917"
2/14/18,"22,625"
2/15/18,"27,600"
2/16/18,"26,715"
2/17/18,"14,047"
2/18/18,"15,069"
2/19/18,"32,654"
2/20/18,"33,143"
2/21/18,"32,749"
2/22/18,"34,459"
2/23/18,"30,652"
2/24/18,"16,024"
2/25/18,"17,516"
2/26/18,"37,932"
2/27/18,"43,279"
2/28/18,"38,746"
3/1/18,"33,561"
3/2/18,"28,728"
3/3/18,"15,667"
3/4/18,"16,395"
3/5/18,"36,197"
3/6/18,"35,860"
3/7/18,"34,790"
3/8/18,"31,873"
3/9/18,"28,198"
3/10/18,"14,779"
3/11/18,"16,955"
3/12/18,"36,328"
3/13/18,"37,460"
3/14/18,"36,675"
3/15/18,"35,151"
3/16/18,"29,982"
3/17/18,"15,041"
3/18/18,"17,508"
3/19/18,"36,497"
3/20/18,"37,779"
3/21/18,"35,335"
3/22/18,"34,664"
3/23/18,"30,350"
3/24/18,"15,882"
3/25/18,"17,782"
3/26/18,"37,549"
3/27/18,"36,190"
3/28/18,"34,397"
3/29/18,"26,710"
3/30/18,"15,672"
3/31/18,"14,869"
4/1/18,"16,837"
4/2/18,"38,579"
4/3/18,"39,976"
4/4/18,"37,738"
4/5/18,"36,058"
4/6/18,"29,558"
4/7/18,"15,422"
4/8/18,"18,316"
4/9/18,"40,536"
4/10/18,"42,243"
4/11/18,"49,823"
4/12/18,"74,912"
4/13/18,"36,764"
4/14/18,"18,962"
4/15/18,"21,886"
4/16/18,"40,921"
4/17/18,"40,852"
4/18/18,"39,508"
4/19/18,"37,824"
4/20/18,"31,077"
4/21/18,"15,621"
4/22/18,"18,895"
4/23/18,"40,227"
4/24/18,"40,615"
4/25/18,"38,285"
4/26/18,"36,287"
4/27/18,"30,467"
4/28/18,"15,063"
4/29/18,"15,945"
4/30/18,"28,125"
5/1/18,"22,655"
5/2/18,"37,693"
5/3/18,"37,185"
5/4/18,"31,294"
5/5/18,"17,221"
5/6/18,"19,271"
5/7/18,"38,736"
5/8/18,"38,877"
5/9/18,"37,908"
5/10/18,"36,350"
5/11/18,"31,437"
5/12/18,"15,914"
5/13/18,"16,439"
5/14/18,"41,105"
5/15/18,"40,712"
5/16/18,"39,332"
5/17/18,"38,463"
5/18/18,"31,718"
5/19/18,"16,634"
5/20/18,"19,002"
5/21/18,"39,534"
5/22/18,"39,410"
5/23/18,"38,352"
5/24/18,"35,359"
5/25/18,"29,634"
5/26/18,"16,531"
5/27/18,"18,489"
5/28/18,"37,375"
5/29/18,"36,794"
5/30/18,"31,114"
5/31/18,"19,794"
6/1/18,"24,984"
6/2/18,"16,654"
6/3/18,"19,638"
6/4/18,"39,290"
6/5/18,"39,073"
6/6/18,"37,369"
6/7/18,"35,889"
6/8/18,"30,214"
6/9/18,"15,366"
6/10/18,"18,644"
6/11/18,"37,808"
6/12/18,"35,708"
6/13/18,"36,501"
6/14/18,"35,153"
6/15/18,"28,761"
6/16/18,"15,200"
6/17/18,"14,938"
6/18/18,"36,637"
6/19/18,"37,397"
6/20/18,"34,928"
6/21/18,"31,765"
6/22/18,"23,108"
6/23/18,"13,880"
6/24/18,"16,752"
6/25/18,"35,127"
6/26/18,"34,195"
6/27/18,"24,539"
6/28/18,"31,371"
6/29/18,"27,060"
6/30/18,"12,675"
7/1/18,"13,716"
7/2/18,"25,764"
7/3/18,"30,890"
7/4/18,"31,212"
7/5/18,"28,536"
7/6/18,"16,968"
7/7/18,"11,605"
7/8/18,"12,678"
7/9/18,"26,504"
7/10/18,"30,751"
7/11/18,"29,667"
7/12/18,"29,097"
7/13/18,"25,077"
7/14/18,"11,931"
7/15/18,"12,234"
7/16/18,"31,731"
7/17/18,"32,030"
7/18/18,"30,452"
7/19/18,"29,321"
7/20/18,"24,864"
7/21/18,"12,253"
7/22/18,"13,049"
7/23/18,"32,765"
7/24/18,"33,756"
7/25/18,"31,730"
7/26/18,"29,881"
7/27/18,"25,094"
7/28/18,"12,519"
7/29/18,"13,557"
7/30/18,"32,946"
7/31/18,"31,944"
8/1/18,"32,377"
8/2/18,"32,102"
8/3/18,"28,062"
8/4/18,"12,976"
8/5/18,"14,493"
8/6/18,"34,228"
8/7/18,"33,649"
8/8/18,"34,133"
8/9/18,"33,608"
8/10/18,"28,607"
8/11/18,"14,046"
8/12/18,"14,056"
8/13/18,"36,652"
8/14/18,"36,389"
8/15/18,"34,862"
8/16/18,"35,469"
8/17/18,"30,080"
8/18/18,"14,503"
8/19/18,"17,405"
8/20/18,"38,399"
8/21/18,"38,793"
8/22/18,"39,898"
8/23/18,"36,824"
8/24/18,"31,453"
8/25/18,"15,775"
8/26/18,"17,557"
8/27/18,"38,966"
8/28/18,"38,335"
8/29/18,"37,723"
8/30/18,"36,219"
8/31/18,"29,812"
9/1/18,"15,176"
9/2/18,"17,106"
9/3/18,"37,697"
9/4/18,"36,794"
9/5/18,"33,493"
9/6/18,"27,741"
9/7/18,"14,242"
9/8/18,"13,630"
9/9/18,"16,756"
9/10/18,"37,066"
9/11/18,"37,840"
9/12/18,"36,616"
9/13/18,"35,736"
9/14/18,"31,068"
9/15/18,"16,253"
9/16/18,"18,537"
9/17/18,"39,626"
9/18/18,"40,175"
9/19/18,"38,518"
9/20/18,"36,496"
9/21/18,"32,619"
9/22/18,"18,546"
9/23/18,"19,448"
9/24/18,"41,556"
9/25/18,"40,286"
9/26/18,"38,650"
9/27/18,"37,903"
9/28/18,"31,849"
9/29/18,"15,723"
9/30/18,"18,400"
10/1/18,"38,358"
10/2/18,"36,845"
10/3/18,"35,485"
10/4/18,"33,206"
10/5/18,"27,233"
10/6/18,"13,683"
10/7/18,"12,230"
10/8/18,"34,252"
10/9/18,"35,422"
10/10/18,"34,012"
10/11/18,"29,942"
10/12/18,"15,673"
10/13/18,"15,325"
10/14/18,"17,263"
10/15/18,"37,149"
10/16/18,"39,398"
10/17/18,"39,312"
10/18/18,"37,608"
10/19/18,"32,382"
10/20/18,"16,691"
10/21/18,"18,596"
10/22/18,"40,811"
10/23/18,"40,317"
10/24/18,"39,325"
10/25/18,"38,465"
10/26/18,"31,947"
10/27/18,"16,294"
10/28/18,"15,254"
10/29/18,"38,161"
10/30/18,"38,158"
10/31/18,"34,529"
11/1/18,"29,067"
11/2/18,"17,378"
11/3/18,"15,262"
11/4/18,"17,212"
11/5/18,"36,708"
11/6/18,"37,372"
11/7/18,"36,672"
11/8/18,"35,991"
11/9/18,"29,974"
11/10/18,"15,851"
11/11/18,"18,066"
11/12/18,"37,852"
11/13/18,"35,984"
11/14/18,"30,785"
11/15/18,"19,080"
11/16/18,"24,845"
11/17/18,"15,490"
11/18/18,"18,026"
11/19/18,"36,316"
11/20/18,"35,209"
11/21/18,"37,056"
11/22/18,"35,040"
11/23/18,"27,782"
11/24/18,"16,663"
11/25/18,"18,753"
11/26/18,"39,298"
11/27/18,"37,763"
11/28/18,"36,723"
11/29/18,"34,866"
11/30/18,"28,927"
12/1/18,"15,023"
12/2/18,"16,689"
12/3/18,"35,049"
12/4/18,"34,300"
12/5/18,"32,274"
12/6/18,"30,558"
12/7/18,"24,884"
12/8/18,"12,456"
12/9/18,"13,423"
12/10/18,"30,580"
12/11/18,"30,003"
12/12/18,"30,345"
12/13/18,"28,990"
12/14/18,"23,562"
12/15/18,"11,143"
12/16/18,"11,197"
12/17/18,"28,943"
12/18/18,"30,463"
12/19/18,"30,257"
12/20/18,"27,310"
12/21/18,"22,296"
12/22/18,"12,231"
12/23/18,"10,484"
12/24/18,"7,869"
12/25/18,"5,521"
12/26/18,"14,386"
12/27/18,"14,115"
12/28/18,"11,844"
12/29/18,"6,301"
12/30/18,"5,827"
12/31/18,"5,616"
1/1/19,"5,435"
1/2/19,"17,251"
1/3/19,"19,226"
1/4/19,"17,521"
1/5/19,"10,116"
1/6/19,"10,131"
1/7/19,"22,668"
1/8/19,"22,930"
1/9/19,"22,528"
1/10/19,"22,001"
1/11/19,"19,222"
1/12/19,"9,163"
1/13/19,"9,045"
1/14/19,"23,407"
1/15/19,"23,021"
1/16/19,"23,435"
1/17/19,"22,878"
1/18/19,"19,874"
1/19/19,"9,393"
1/20/19,"9,756"
1/21/19,"24,259"
1/22/19,"24,546"
1/23/19,"25,778"
1/24/19,"29,062"
1/25/19,"24,473"
1/26/19,"13,473"
1/27/19,"15,127"
1/28/19,"31,656"
1/29/19,"29,178"
1/30/19,"25,165"
1/31/19,"24,050"
2/1/19,"21,090"
2/2/19,"10,185"
2/3/19,"10,695"
2/4/19,"26,518"
2/5/19,"26,221"
2/6/19,"25,778"
2/7/19,"21,765"
2/8/19,"21,102"
2/9/19,"21,176"
2/10/19,"27,920"
2/11/19,"34,632"
2/12/19,"27,109"
2/13/19,"29,904"
2/14/19,"27,661"
2/15/19,"24,896"
2/16/19,"13,382"
2/17/19,"13,721"
2/18/19,"31,665"
2/19/19,"32,803"
2/20/19,"32,255"
2/21/19,"30,764"
2/22/19,"25,809"
2/23/19,"12,695"
2/24/19,"13,318"
2/25/19,"31,481"
2/26/19,"32,025"
2/27/19,"31,464"
2/28/19,"29,253"
3/1/19,"22,131"
3/2/19,"9,800"
3/3/19,"9,485"
3/4/19,"14,723"
3/5/19,"15,340"
3/6/19,"24,987"
3/7/19,"22,851"
3/8/19,"20,676"
3/9/19,"14,807"
3/10/19,"16,252"
3/11/19,"33,911"
3/12/19,"34,715"
3/13/19,"33,780"
3/14/19,"33,282"
3/15/19,"28,030"
3/16/19,"14,870"
3/17/19,"17,859"
3/18/19,"36,502"
3/19/19,"35,177"
3/20/19,"35,964"
3/21/19,"36,348"
3/22/19,"30,066"
3/23/19,"16,034"
3/24/19,"17,817"
3/25/19,"37,268"
3/26/19,"37,386"
3/27/19,"38,302"
3/28/19,"36,873"
3/29/19,"31,005"
3/30/19,"16,257"
3/31/19,"18,632"
4/1/19,"39,262"
4/2/19,"39,226"
4/3/19,"37,775"
4/4/19,"36,662"
4/5/19,"30,436"
4/6/19,"16,107"
4/7/19,"18,899"
4/8/19,"39,063"
4/9/19,"38,987"
4/10/19,"37,896"
4/11/19,"35,641"
4/12/19,"30,629"
4/13/19,"15,832"
4/14/19,"18,423"
4/15/19,"39,128"
4/16/19,"37,902"
4/17/19,"35,256"
4/18/19,"26,997"
4/19/19,"14,946"
4/20/19,"14,166"
4/21/19,"15,181"
4/22/19,"38,516"
4/23/19,"39,907"
4/24/19,"38,876"
4/25/19,"36,268"
4/26/19,"32,185"
4/27/19,"16,751"
4/28/19,"19,513"
4/29/19,"39,742"
4/30/19,"34,205"
5/1/19,"21,993"
5/2/19,"37,505"
5/3/19,"32,659"
5/4/19,"16,984"
5/5/19,"20,585"
5/6/19,"39,787"
5/7/19,"40,955"
5/8/19,"40,339"
5/9/19,"38,124"
5/10/19,"33,615"
5/11/19,"17,549"
5/12/19,"16,375"
5/13/19,"41,710"
5/14/19,"42,163"
5/15/19,"41,462"
5/16/19,"39,805"
5/17/19,"34,065"
5/18/19,"18,241"
5/19/19,"20,693"
5/20/19,"43,079"
5/21/19,"43,679"
5/22/19,"42,646"
5/23/19,"42,799"
5/24/19,"40,462"
5/25/19,"19,562"
5/26/19,"22,126"
5/27/19,"46,752"
5/28/19,"47,045"
5/29/19,"45,723"
5/30/19,"43,853"
5/31/19,"35,938"
6/1/19,"18,876"
6/2/19,"22,832"
6/3/19,"44,105"
6/4/19,"42,766"
6/5/19,"40,914"
6/6/19,"38,508"
6/7/19,"32,056"
6/8/19,"16,074"
6/9/19,"18,759"
6/10/19,"40,416"
6/11/19,"40,487"
6/12/19,"35,372"
6/13/19,"36,599"
6/14/19,"31,885"
6/15/19,"15,810"
6/16/19,"18,479"
6/17/19,"41,323"
6/18/19,"38,748"
6/19/19,"33,714"
6/20/19,"19,166"
6/21/19,"25,768"
6/22/19,"15,183"
6/23/19,"16,294"
6/24/19,"36,442"
6/25/19,"38,732"
6/26/19,"37,840"
6/27/19,"36,048"
6/28/19,"29,656"
6/29/19,"14,589"
6/30/19,"16,264"
7/1/19,"37,124"
7/2/19,"35,203"
7/3/19,"35,235"
7/4/19,"34,632"
7/5/19,"28,217"
7/6/19,"12,375"
7/7/19,"11,990"
7/8/19,"30,222"
7/9/19,"28,277"
7/10/19,"31,412"
7/11/19,"31,467"
7/12/19,"27,490"
7/13/19,"12,574"
7/14/19,"13,634"
7/15/19,"34,127"
7/16/19,"34,112"
7/17/19,"34,100"
7/18/19,"32,048"
7/19/19,"26,467"
7/20/19,"12,368"
7/21/19,"12,591"
7/22/19,"34,556"
7/23/19,"35,432"
7/24/19,"33,424"
7/25/19,"32,784"
7/26/19,"28,442"
7/27/19,"13,760"
7/28/19,"13,841"
7/29/19,"35,003"
7/30/19,"35,686"
7/31/19,"35,528"
8/1/19,"33,464"
8/2/19,"29,424"
8/3/19,"14,369"
8/4/19,"15,525"
8/5/19,"37,132"
8/6/19,"36,865"
8/7/19,"35,995"
8/8/19,"34,560"
8/9/19,"30,225"
8/10/19,"14,290"
8/11/19,"14,615"
8/12/19,"39,920"
8/13/19,"41,181"
8/14/19,"38,979"
8/15/19,"34,840"
8/16/19,"31,900"
8/17/19,"15,933"
8/18/19,"17,842"
8/19/19,"41,954"
8/20/19,"40,841"
8/21/19,"39,476"
8/22/19,"38,769"
8/23/19,"33,749"
8/24/19,"18,051"
8/25/19,"19,861"
8/26/19,"43,804"
8/27/19,"43,427"
8/28/19,"42,565"
8/29/19,"41,610"
8/30/19,"34,637"
8/31/19,"17,361"
9/1/19,"21,108"
9/2/19,"44,354"
9/3/19,"44,286"
9/4/19,"41,945"
9/5/19,"39,505"
9/6/19,"31,698"
9/7/19,"15,379"
9/8/19,"18,796"
9/9/19,"43,480"
9/10/19,"55,482"
9/11/19,"63,537"
9/12/19,"60,510"
9/13/19,"51,206"
9/14/19,"31,140"
9/15/19,"33,898"
9/16/19,"63,460"
9/17/19,"64,403"
9/18/19,"64,241"
9/19/19,"61,609"
9/20/19,"51,572"
9/21/19,"31,202"
9/22/19,"36,214"
9/23/19,"65,638"
9/24/19,"65,526"
9/25/19,"66,479"
9/26/19,"64,088"
9/27/19,"51,368"
9/28/19,"30,940"
9/29/19,"34,638"
9/30/19,"65,583"
10/1/19,"64,703"
10/2/19,"59,146"
10/3/19,"60,561"
10/4/19,"51,041"
10/5/19,"29,198"
10/6/19,"33,207"
10/7/19,"64,515"
10/8/19,"66,732"
10/9/19,"63,388"
10/10/19,"58,555"
10/11/19,"47,558"
10/12/19,"24,981"
10/13/19,"30,382"
10/14/19,"60,791"
10/15/19,"63,091"
10/16/19,"64,543"
10/17/19,"61,156"
10/18/19,"51,163"
10/19/19,"31,082"
10/20/19,"35,882"
10/21/19,"66,745"
10/22/19,"66,929"
10/23/19,"64,564"
10/24/19,"62,020"
10/25/19,"52,462"
10/26/19,"31,006"
10/27/19,"35,391"
10/28/19,"68,307"
10/29/19,"70,180"
10/30/19,"66,297"
10/31/19,"60,709"
11/1/19,"50,118"
11/2/19,"30,473"
11/3/19,"34,198"
11/4/19,"65,805"
11/5/19,"67,294"
11/6/19,"65,509"
11/7/19,"62,054"
11/8/19,"53,904"
11/9/19,"32,454"
11/10/19,"36,809"
11/11/19,"68,610"
11/12/19,"68,423"
11/13/19,"64,963"
11/14/19,"54,318"
11/15/19,"34,359"
11/16/19,"30,196"
11/17/19,"36,835"
11/18/19,"69,632"
11/19/19,"68,883"
11/20/19,"63,101"
11/21/19,"66,495"
11/22/19,"56,190"
11/23/19,"32,574"
11/24/19,"38,633"
11/25/19,"71,023"
11/26/19,"71,187"
11/27/19,"68,335"
11/28/19,"62,110"
11/29/19,"48,340"
11/30/19,"28,966"
12/1/19,"33,145"
12/2/19,"62,271"
12/3/19,"63,330"
12/4/19,"61,798"
12/5/19,"59,532"
12/6/19,"51,623"
12/7/19,"31,574"
12/8/19,"31,642"
12/9/19,"60,769"
12/10/19,"60,838"
12/11/19,"57,534"
12/12/19,"53,579"
12/13/19,"45,352"
12/14/19,"26,819"
12/15/19,"28,159"
12/16/19,"53,329"
12/17/19,"50,525"
12/18/19,"48,043"
12/19/19,"44,353"
12/20/19,"36,915"
12/21/19,"21,015"
12/22/19,"21,695"
12/23/19,"32,253"
12/24/19,"20,332"
12/25/19,"18,819"
12/26/19,"36,817"
12/27/19,"34,308"
12/28/19,"23,803"
12/29/19,"23,686"
12/30/19,"31,337"
12/31/19,"19,621"
1/1/20,"20,817"
1/2/20,"46,604"
1/3/20,"45,094"
1/4/20,"32,639"
1/5/20,"33,431"
1/6/20,"57,207"
1/7/20,"59,336"
1/8/20,"59,097"
1/9/20,"60,093"
1/10/20,"52,900"
1/11/20,"31,525"
1/12/20,"33,293"
1/13/20,"63,536"
1/14/20,"62,607"
1/15/20,"60,302"
1/16/20,"58,882"
1/17/20,"51,983"
1/18/20,"30,754"
1/19/20,"32,502"
1/20/20,"60,881"
1/21/20,"64,093"
1/22/20,"63,173"
1/23/20,"63,643"
1/24/20,"58,485"
1/25/20,"34,680"
1/26/20,"35,741"
1/27/20,"68,300"
1/28/20,"72,216"
1/29/20,"74,057"
1/30/20,"70,676"
1/31/20,"60,248"
2/1/20,"37,764"
2/2/20,"39,153"
2/3/20,"68,572"
2/4/20,"70,074"
2/5/20,"69,052"
2/6/20,"67,526"
2/7/20,"58,837"
2/8/20,"33,196"
2/9/20,"35,972"
2/10/20,"65,625"
2/11/20,"69,978"
2/12/20,"69,150"
2/13/20,"66,955"
2/14/20,"57,158"
2/15/20,"34,042"
2/16/20,"38,188"
2/17/20,"72,054"
2/18/20,"74,024"
2/19/20,"72,211"
2/20/20,"65,811"
2/21/20,"53,864"
2/22/20,"29,664"
2/23/20,"28,667"
2/24/20,"40,013"
2/25/20,"42,509"
2/26/20,"63,149"
2/27/20,"74,057"
2/28/20,"67,741"
2/29/20,"44,523"
3/1/20,"48,044"
3/2/20,"79,718"
3/3/20,"81,055"
3/4/20,"80,666"
3/5/20,"77,662"
3/6/20,"65,974"
3/7/20,"41,936"
3/8/20,"46,176"
3/9/20,"81,954"
3/10/20,"85,699"
3/11/20,"82,595"
3/12/20,"77,864"
3/13/20,"65,105"
3/14/20,"40,307"
3/15/20,"45,773"
3/16/20,"70,497"
3/17/20,"67,535"
3/18/20,"64,434"
3/19/20,"64,625"
3/20/20,"60,771"
3/21/20,"46,017"
3/22/20,"48,439"
3/23/20,"75,305"
3/24/20,"81,084"
3/25/20,"83,432"
3/26/20,"86,619"
3/27/20,"81,659"
3/28/20,"62,827"
3/29/20,"63,710"
3/30/20,"101,457"
3/31/20,"100,118"
4/1/20,"97,921"
4/2/20,"99,779"
4/3/20,"88,630"
4/4/20,"61,273"
4/5/20,"62,887"
4/6/20,"113,044"
4/7/20,"109,423"
4/8/20,"99,651"
4/9/20,"85,889"
4/10/20,"66,009"
4/11/20,"60,825"
4/12/20,"59,161"
4/13/20,"107,178"
4/14/20,"111,427"
4/15/20,"110,272"
4/16/20,"107,588"
4/17/20,"96,678"
4/18/20,"69,372"
4/19/20,"71,312"
4/20/20,"104,683"
4/21/20,"89,035"
4/22/20,"109,665"
4/23/20,"107,411"
4/24/20,"93,009"
4/25/20,"72,959"
4/26/20,"71,985"
4/27/20,"117,846"
4/28/20,"118,977"
4/29/20,"117,629"
4/30/20,"108,524"
5/1/20,"79,873"
5/2/20,"71,335"
5/3/20,"76,240"